find_duplicate_logic_candidates.py	0	0	
find_mismatched_material_skus.py	0	0	
find_orphaned_functions.py	0	0	
find_synonym_collision_risks.py	0	0	
verify_access_removed_catalog_wide.js	0	0	[access removed catalog-wide] 15 passed, 0 failed (of 15 checks)
verify_active_tags_route_flow.js	0	0	[active tags route flow verification] 15 passed, 0 failed (of 15 checks)
verify_adlib_noun_redundancy.js	0	0	[adlib noun redundancy, #28] 6 passed, 0 failed (of 6 checks)
verify_adlib_phrases_live_in_ssot.js	0	0	[ad-lib phrases live in the SSOT, C-09] 16 passed, 0 failed (of 16 checks)
verify_affirmation_card_ui.js	0	0	[Affirmation card UI, real browser] 7 passed, 0 failed (of 7 checks)
verify_after_add_restores_category_view.js	0	0	[_afterAdd category-view restoration] 9 passed, 0 failed (of 9 checks)
verify_answer_supersedes_nlp_tag.js	0	0	[Answer supersedes NLP tag verification] 6 passed, 0 failed (of 6 checks)
verify_answers_round_trip.js	0	0	[answers round-trip verification] 21 passed, 0 failed (of 21 checks)
verify_appliance_keywords_and_confidence_cap.js	1	1	
verify_archetype_layer_phase1.js	1	1	
verify_base_materials_fix.js	1	1	
verify_booking_context_answers_default.js	0	0	[booking context answers default, #33] 6 passed, 0 failed (of 6 checks)
verify_booking_context_phase1.js	0	0	[Phase 0/1 Orchestrator verification] 16 passed, 0 failed (of 16 checks)
verify_boot_failure_visible.js	0	0	[boot failure visible] 36 passed, 0 failed (of 36 checks)
verify_btnyc_v10_compiler.py	2	1	
verify_btnyc_v5_compiler.js	1	1	
verify_btnyc_v8_compiler.py	1	1	
verify_builder_preseeded_context.js	0	0	[Builder pre-seeded context verification] 4 passed, 0 failed (of 4 checks) [GAP]
verify_buy_the_hour_flat_hourly_gate.js	0	0	[buy-the-hour flat/hourly gate] 15 passed, 0 failed (of 15 checks)
verify_buy_the_hour_question_set.js	0	0	[buy-the-hour question set, #22] 7 passed, 0 failed (of 7 checks)
verify_cart_store_migration.js	0	0	[cart store migration verification] 8 passed, 0 failed (of 8 checks)
verify_catalog_pricing_sanity_sweep.js	0	0	[catalog pricing sanity sweep] 8 passed, 0 failed (of 8 checks)
verify_category_icons_tabler_migration.js	1	1	[category icons Tabler migration] 11 passed, 1 failed (of 12 checks)
verify_ceiling_tile_dynamic_service.js	1	1	
verify_charter_rule_index_v10.js	1	1	
verify_charter_rule_index_v2.js	1	1	
verify_charter_rules.js	1	1	
verify_checkout_state_convergence.js	0	0	[checkout_state convergence] 32 passed, 0 failed (of 32 checks)
verify_checkout_state_inheritance.js	0	0	[checkout_state inheritance verification] 89 passed, 0 failed (of 89 checks)
verify_checkout_state_override_architecture.js	0	0	
verify_cms_bridge.js	1	7	0 passed, 7 failed (of 7 bridgeable vectors, 16 total in file)
verify_compiled_output_against_real_schema.js	1	1	[compiled output vs. real schema verification] 2 passed, 1 failed (of 3 checks)
verify_compiled_output_against_real_schema.py	1	1	
verify_component_symptom_picker.js	0	0	[Action -> Component/Symptom picker verification] 100 passed, 0 failed (of 100 checks)
verify_compute_quote_for_draft.js	1	1	
verify_compute_quote_for_draft.py	1	1	
verify_confidence_and_intake_rendering.js	0	0	[confidence + intake rendering verification] 24 passed, 0 failed (of 24 checks)
verify_confidence_gated_tags.js	0	0	[Confidence-gated tags] 5 passed, 0 failed (of 5 checks)
verify_confidence_strategy_inheritance.js	1	3	[confidence_strategy inheritance verification] 82 passed, 3 failed (of 85 checks)
verify_contextual_override_word_order_fix.js	1	1	
verify_curated_card_chain_rewire.js	1	1	[Curated-card chain-composition rewire verification] 5 passed, 1 failed (of 6 checks)
verify_curated_card_live_behavior.js	0	0	[curated card live behavior] 21 passed, 0 failed (of 21 checks)
verify_curated_intake_confidence_agreement.js	1	1	
verify_customer_journey_visible.js	1	3	[customer journey visible] 14 passed, 3 failed (of 17 checks)
verify_damage_type_force_injection_fix.js	0	0	[damage_type force-injection fix verification] 6 passed, 0 failed (of 6 checks)
verify_data_backup_question_wording.js	1	2	[data backup question wording, #23] 13 passed, 2 failed (of 15 checks)
verify_delegated_vocabulary_batch_1.js	1	1	
verify_delegated_vocabulary_batch_2.js	1	1	
verify_delegated_vocabulary_batch_3.js	1	1	
verify_delegated_vocabulary_batch_4.js	1	1	
verify_description_matching_mechanism.js	1	1	
verify_dish_washer_cross_entry_fix.js	1	1	
verify_dishwasher_symptom_minute_deltas.js	0	0	[dishwasher_repair symptom minute-delta verification] 4 passed, 0 failed (of 4 checks)
verify_dispatch_fee_consistency.js	0	0	[dispatch fee consistency verification] 6 passed, 0 failed (of 6 checks)
verify_divergence_resolution.js	0	0	[Divergence Resolution v9.5.6] 69 passed, 0 failed (of 69 checks)
verify_dmg_size_wiring_fix.js	0	0	[dmg_size wiring fix] 9 passed, 0 failed (of 9 checks)
verify_dumb_ui_html_self_sufficiency.js	1	1	
verify_dumb_ui_prototype_full_catalog_stress.js	0	0	[Dumb UI prototype full-catalog stress test] 4 passed, 0 failed (of 4 checks)
verify_dynamic_archetype_batch_2a.js	0	0	[dynamic archetype alignment, Issue 2a] 30 passed, 0 failed (of 30 checks)
verify_dynamic_archetype_batch_2b.js	1	2	[dynamic archetype alignment, Issue 2b] 11 passed, 2 failed (of 13 checks)
verify_dynamic_archetype_batch_2c.js	0	0	[dynamic archetype alignment, Issue 2c] 12 passed, 0 failed (of 12 checks)
verify_dynamic_archetype_batch_2d.js	0	0	[dynamic archetype alignment, Issue 2d] 20 passed, 0 failed (of 20 checks)
verify_dynamic_archetype_batch_2e.js	1	2	[dynamic archetype alignment, Issue 2e -- final batch] 5 passed, 2 failed (of 7 checks)
verify_dynamic_service_qty_gate.js	0	0	[dynamic-service qty gate, #21] 14 passed, 0 failed (of 14 checks)
verify_dynchain_group_modules.js	0	0	[R-DOMAIN-DYNCHAIN data contract] 8 passed, 0 failed (of 8 checks)
verify_dynkey_casing_fix.js	0	0	
verify_entity_shape_single.js	0	0	[Entity shape, one representation] 13 passed, 0 failed (of 13 checks)
verify_extract_location_appliance_fix.js	0	0	[extractLocation appliance fix, #19] 17 passed, 0 failed (of 17 checks)
verify_extractor_index_matches_parser.js	0	0	[extract_engine.py vs the parser] 13 passed, 0 failed (of 13 checks)
verify_fee_breakdown.js	0	0	[Fee breakdown] 10 passed, 0 failed (of 10 checks)
verify_file_integrity.js	1	6	[File integrity] 65 passed, 6 failed (of 71 files checked)
verify_flat_checkout_names_live_in_ssot.js	0	0	[flat-checkout vocabulary lives in the SSOT] 10 passed, 0 failed (of 10 checks)
verify_focused_mode_textbar_scope.js	0	0	[focused mode text bar scope, T125] 8 passed, 0 failed (of 8 checks)
verify_formula_override_no_longer_suppresses_other_answers.js	0	0	[formula_override no longer suppresses other answers] 8 passed, 0 failed (of 8 checks)
verify_full_document_browser_load.js	0	0	[full-document browser load verification] 9 passed, 0 failed (of 9 checks)
verify_furniture_catalog_fix.js	0	0	[furniture catalog fix verification] 9 passed, 0 failed (of 9 checks)
verify_furniture_flat_fee_pricing.js	1	4	[Furniture flat_fee pricing verification] 7 passed, 4 failed (of 11 checks)
verify_gap3_field_name_fix.js	0	0	[Gap 3 field-name fix verification] 14 passed, 0 failed (of 14 checks)
verify_guided_builder_qty_double_count_fix.js	0	0	[Guided Builder qty double-count fix] 3 passed, 0 failed (of 3 checks)
verify_infer_tags_from_context_groupid_fix.js	0	0	[inferTagsFromContext groupId fix verification] 5 passed, 0 failed (of 5 checks)
verify_inherent_tag_pricing_fix.js	0	0	[inherent tag pricing fix] 5 passed, 0 failed (of 5 checks)
verify_innerhtml_audit.js	0	0	
verify_input_sanitization.js	1	1	
verify_input_sanitization.py	1	1	
verify_intake_defaults_meaningfulness_review.js	1	2	[intake_defaults meaningfulness review] 13 passed, 2 failed (of 15 checks)
verify_integrity_tool_cannot_bless_drift.js	0	0	[integrity tool cannot bless drift] 21 passed, 0 failed (of 21 checks)
verify_invariants_rulebook.js	0	0	[Judicial Rulebook verification] 14 passed, 0 failed (of 14 checks)
verify_knob_pull_tiered_pricing.js	0	0	[Knob/pull tiered pricing] 37 passed, 0 failed (of 37 checks)
verify_legacy_flow_bypass.js	0	0	[legacy_flow bypass verification] 6 passed, 0 failed (of 6 checks)
verify_location_hints_and_per_unit.js	0	0	[location hints + per-unit verification] 15 passed, 0 failed (of 15 checks)
verify_matrix_phase3.js	0	0	[Phase 3 matrix verification] 13 passed, 0 failed (of 13 checks)
verify_microwave_stove_ordering_fix.js	1	1	
verify_minor_home_repairs_repair_pricing_type_fix.js	0	0	[minor_home_repairs+Repair pricing-type fix verification] 5 passed, 0 failed (of 5 checks)
verify_mutual_exclusion_wired_into_main_render.js	1	1	[mutual exclusion wired into main render] 3 passed, 1 failed (of 4 checks)
verify_natural_phrasing_corpus_fixes.js	1	1	
verify_nlp_analyze_mode.js	1	1	
verify_nlp_engine_module.js	1	1	
verify_nlp_incidental_keyword_fix.js	1	1	
verify_nlp_synonym_weights.js	1	1	
verify_no_module_drift.js	1	2	[module drift verification] 0 passed, 2 failed (of 2 checks)
verify_no_orphaned_data.js	1	1	
verify_no_orphaned_dual_mapping_services.js	0	0	[no orphaned dual-mapping services] 4 passed, 0 failed (of 4 checks)
verify_no_orphaned_intake_modules.js	0	0	[no orphaned intake_modules] 3 passed, 0 failed (of 3 checks)
verify_object_based_resolver.js	1	1	
verify_object_extraction_location_skip.js	1	1	
verify_orchestrator_engine_module.js	1	1	[orchestrator_engine.js standalone module] 5 passed, 1 failed (of 6 checks)
verify_orchestrator_phase2.js	1	1	
verify_other_tile_stype_context_fix.js	0	0	[other_tile BookingContext stype fix verification] 6 passed, 0 failed (of 6 checks)
verify_overflow_quantity_ui.js	0	0	[overflow quantity UI] 12 passed, 0 failed (of 12 checks)
verify_pax_wardrobe_formula.js	1	1	
verify_per_service_tag_exclusion.js	0	0	[Per-service tag exclusion verification] 8 passed, 0 failed (of 8 checks)
verify_per_unit_per_visit_scope.js	0	0	[per-unit/per-visit scope, #29] 15 passed, 0 failed (of 15 checks)
verify_phase6_self_quote_rewire.js	1	1	
verify_placeholder_data.js	1	1	[Placeholder data scan] 2 passed, 1 failed (of 3 checks)
verify_plural_quantity_and_object_extraction_fixes.js	1	1	
verify_pricing_archetype_consolidation.js	0	0	[pricing_archetype consolidation verification] 7 passed, 0 failed (of 7 checks)
verify_pricing_archetype_restoration.js	1	5	[pricing_archetype restoration verification] 4 passed, 5 failed (of 9 checks)
verify_pricing_engine_module.js	1	3	[pricing_engine.js standalone module] 13 passed, 3 failed (of 16 vectors)
verify_project_based_hide_time.js	0	0	[project_based hide_time verification] 11 passed, 0 failed (of 11 checks)
verify_purity_audit.js	0	0	
verify_purity_audit.py	0	0	
verify_qr_build_version_freshness.js	0	0	[QR_BUILD_VERSION freshness verification] 3 passed, 0 failed (of 3 checks)
verify_qty_defense_in_depth.js	0	0	[qty defense in depth] 2 passed, 0 failed (of 2 checks)
verify_qty_multiplier_formula_fixes.js	0	0	[qty multiplier formula fixes] 6 passed, 0 failed (of 6 checks)
verify_quantity_control_curated_card.js	0	0	[quantity control on the curated card] 14 passed, 0 failed (of 14 checks)
verify_quantity_question_ratchet.js	0	0	[quantity questions and the one-stance rule (Logic)] 15 passed, 0 failed (of 15 checks)
verify_quick_win_ui_wiring.js	0	0	[quick-win UI wiring verification] 8 passed, 0 failed (of 8 checks)
verify_quote_template_complete_fields.js	0	0	[Quote template complete-fields verification] 0 passed, 0 failed (skipped) [GAP]
verify_r-domain-finite_named_service_declaration.js	0	0	[a new named service declares which of the four criteria applied (R-DOMAIN-FINITE, #62)] 3 passed, 0 failed (of 3 checks)
verify_r-govern-decidefirst_pending_decisions_default.js	0	0	[R-GOVERN-DECIDEFIRST ledger linter] 14 passed, 0 failed (of 14 checks)
verify_r-invariant-boundary_ui_renderer_layer.js	0	0	[R-INVARIANT-BOUNDARY: UIRenderer layer] 52 passed, 0 failed (of 52 checks)
verify_r-invariant-comply_ship_gate.js	0	0	[R-INVARIANT-COMPLY: ship gate] 13 passed, 0 failed (of 13 checks)
verify_r-invariant-deletion_declared_retirements.js	1	13	[R-INVARIANT-DELETION: declared retirements] 61 passed, 13 failed (of 74 checks)
verify_r-invariant-provenance_caller_composition.js	0	0	[resolution provenance and caller composition (DEFECT-ARBITRATION detector)] 13 passed, 0 failed (of 13 checks)
verify_r-system-layers_full_matrix.js	1	3	[R-SYSTEM-LAYERS: full matrix] 44 passed, 3 failed (of 47 checks)
verify_raw_vs_compiled_reconciliation.js	1	1	
verify_related_services_crosslink.js	0	0	[related-services cross-link, #25] 14 passed, 0 failed (of 14 checks)
verify_reported_ui_bugs_batch1.js	1	1	
verify_reported_ui_bugs_batch2.js	0	0	[UI bugs batch 2 verification] 14 passed, 0 failed (of 14 checks)
verify_resolver_confidence_feedback.js	0	0	[Resolver confidence feedback verification] 28 passed, 0 failed (of 28 checks)
verify_route_validator_phase4.js	0	0	[Phase 4 RouteValidator verification] 15 passed, 0 failed (of 15 checks)
verify_routing_archetype_semantic_check.js	1	1	
verify_self_quote_bug_fixes.js	1	1	[Self-quote bug fix verification] 11 passed, 1 failed (of 12 checks)
verify_self_quote_ui_template_invariant.js	1	1	[Self-quote / curated_card UI template invariant verification] 14 passed, 1 failed (of 15 checks)
verify_service_type_normalization_consolidation.js	1	3	[Service-type normalization consolidation verification] 2 passed, 3 failed (of 5 checks)
verify_shadow_mode_broad_sweep_phase5_5.js	0	0	[Phase 5.5 broad sweep] 100 passed, 0 failed (of 100 checks)
verify_shadow_mode_phase5.js	0	0	[Shadow mode retirement verification] 12 passed, 0 failed (of 12 checks)
verify_smart_tag_reference_pathway.js	1	1	
verify_smoke_test_findings.js	1	1	
verify_smoke_test_puppeteer.js	0	0	
verify_special_conditions_ordering.js	0	0	[special conditions ordering, #26] 13 passed, 0 failed (of 13 checks)
verify_sqanalyze_freetext_collector_wiring.js	0	0	[sqAnalyze free-text collector wiring verification] 13 passed, 0 failed (of 13 checks)
verify_sqanalyze_orchestrator_equivalence.js	1	2	[sqAnalyze/orchestrator equivalence] 3 passed, 2 failed (of 5 checks)
verify_ssot_boot_validation.js	0	0	[SSOT boot validation, A3] 20 passed, 0 failed (of 20 checks)
verify_ssot_consultation.js	0	0	
verify_stale_sandbox_baseline.js	0	0	[DEFECT-STALE-SANDBOX detector] 23 passed, 0 failed (of 23 checks)
verify_state_mutation_classifier.js	0	0	
verify_step3_card_host_disjoint.js	0	0	[step-3 card host disjoint] 17 passed, 0 failed (of 17 checks)
verify_store_reducer.js	0	0	40 passed, 0 failed
verify_substring_collision_fixes.js	1	1	
verify_synonym_promotion_safety.js	0	0	[synonym promotion is measured, one batch at a time (#72)] 7 passed, 0 failed (of 7 checks)
verify_t107_tracing_corrections.js	1	5	[T107 tracing corrections] 1 passed, 5 failed (of 6 checks)
verify_t20_item_count_overflow.js	0	0	[T20 item_count_overflow verification] 6 passed, 0 failed (of 6 checks)
verify_t36_negation_pivot.js	0	0	[T36 negation-pivot verification] 10 passed, 0 failed (of 10 checks)
verify_tag_affirmation_route.js	0	0	[tag affirmation route verification] 38 passed, 0 failed (of 38 checks)
verify_tag_answer_merge_skip.js	0	0	[tag-answer merge/skip] 14 passed, 0 failed (of 14 checks)
verify_tag_group_scoping_precision.js	0	0	[tag group-scoping precision verification] 3 passed, 0 failed (of 3 checks)
verify_tag_requires_restored.js	0	0	[tag requires honoured on every path (Logic)] 34 passed, 0 failed (of 34 checks)
verify_tag_synthesis_convergence.js	0	0	[tag-to-answer synthesis converges across entry paths (Logic)] 16 passed, 0 failed (of 16 checks)
verify_tech_symptom_content_upgrade.js	0	0	[tech symptom content upgrade, #40] 17 passed, 0 failed (of 17 checks)
verify_tech_symptom_module.js	0	0	[tech_symptom module verification] 39 passed, 0 failed (of 39 checks)
verify_template_matrix_conditions_known.js	0	0	[template matrix: no silently ignored condition] 6 passed, 0 failed (of 6 checks)
verify_tile_drywall_formula_wiring.js	1	1	
verify_trace_observation_only.js	0	0	[trace is non-optional and observation-only, A4] 20 passed, 0 failed (of 20 checks)
verify_tracing_tool_v2_upgrade.js	1	1	
verify_tracing_v3_full_instrumentation.js	1	1	
verify_ui_controller_modules.js	0	0	[UIRenderer.js + AppController.js integration] 8 passed, 0 failed (of 8 checks)
verify_ui_surfaces.js	1	3	[UI surfaces test] 2 passed, 3 failed (of 5 scenarios)
verify_waterproof_area_formula_fix.js	1	1	
verify_xss_fixes.js	1	5	[XSS fix verification] 13 passed, 5 failed (of 18 checks)
verify_z_run_all_restored.js	0	0	
